CREATE OR REPLACE PROCEDURE FILL_HALLS IS
BEGIN
  INSERT INTO HALLS (HALL_NUMBER, SEATS_COUNT) VALUES (1, 123);
  INSERT INTO HALLS (HALL_NUMBER, SEATS_COUNT) VALUES (2, 234);
  INSERT INTO HALLS (HALL_NUMBER, SEATS_COUNT) VALUES (3, 345);
  INSERT INTO HALLS (HALL_NUMBER, SEATS_COUNT) VALUES (4, 187);
  INSERT INTO HALLS (HALL_NUMBER, SEATS_COUNT) VALUES (5, 398);
  INSERT INTO HALLS (HALL_NUMBER, SEATS_COUNT) VALUES (6, 256);
  INSERT INTO HALLS (HALL_NUMBER, SEATS_COUNT) VALUES (7, 309);
  INSERT INTO HALLS (HALL_NUMBER, SEATS_COUNT) VALUES (8, 176);
  INSERT INTO HALLS (HALL_NUMBER, SEATS_COUNT) VALUES (9, 321);
  INSERT INTO HALLS (HALL_NUMBER, SEATS_COUNT) VALUES (10, 267);
  COMMIT;
END;

CREATE OR REPLACE PROCEDURE FILL_ACTORS IS
BEGIN
  INSERT INTO ACTORS (NAME, BIRTH_DATE) VALUES ('John Doe', TO_DATE('1990-01-01', 'YYYY-MM-DD'));
  INSERT INTO ACTORS (NAME, BIRTH_DATE) VALUES ('Jane Smith', TO_DATE('1985-03-15', 'YYYY-MM-DD'));
  INSERT INTO ACTORS (NAME, BIRTH_DATE) VALUES ('Michael Johnson', TO_DATE('1982-07-20', 'YYYY-MM-DD'));
  INSERT INTO ACTORS (NAME, BIRTH_DATE) VALUES ('Emily Davis', TO_DATE('1993-09-10', 'YYYY-MM-DD'));
  INSERT INTO ACTORS (NAME, BIRTH_DATE) VALUES ('David Wilson', TO_DATE('1988-05-05', 'YYYY-MM-DD'));
  INSERT INTO ACTORS (NAME, BIRTH_DATE) VALUES ('Sarah Thompson', TO_DATE('1992-11-30', 'YYYY-MM-DD'));
  INSERT INTO ACTORS (NAME, BIRTH_DATE) VALUES ('Robert Lee', TO_DATE('1980-12-25', 'YYYY-MM-DD'));
  INSERT INTO ACTORS (NAME, BIRTH_DATE) VALUES ('Jennifer Brown', TO_DATE('1987-04-12', 'YYYY-MM-DD'));
  INSERT INTO ACTORS (NAME, BIRTH_DATE) VALUES ('Daniel Miller', TO_DATE('1991-08-18', 'YYYY-MM-DD'));
  INSERT INTO ACTORS (NAME, BIRTH_DATE) VALUES ('Olivia Wilson', TO_DATE('1995-06-22', 'YYYY-MM-DD'));
  INSERT INTO ACTORS (NAME, BIRTH_DATE) VALUES ('Matthew Taylor', TO_DATE('1984-02-08', 'YYYY-MM-DD'));
  INSERT INTO ACTORS (NAME, BIRTH_DATE) VALUES ('Emma Martinez', TO_DATE('1994-10-04', 'YYYY-MM-DD'));
  INSERT INTO ACTORS (NAME, BIRTH_DATE) VALUES ('William Anderson', TO_DATE('1983-11-14', 'YYYY-MM-DD'));
  INSERT INTO ACTORS (NAME, BIRTH_DATE) VALUES ('Sophia Hernandez', TO_DATE('1996-03-07', 'YYYY-MM-DD'));
  INSERT INTO ACTORS (NAME, BIRTH_DATE) VALUES ('James Garcia', TO_DATE('1989-09-25', 'YYYY-MM-DD'));
  COMMIT;
END;

CREATE OR REPLACE PROCEDURE FILL_CLIENTS IS
BEGIN
  INSERT INTO CLIENTS (ID, NAME, EMAIL, PHONE) VALUES (1, 'Client 1', 'client1@example.com', '+375296022799');
  INSERT INTO CLIENTS (ID, NAME, EMAIL, PHONE) VALUES (2, 'Client 2', 'client2@example.com', '+375291234567');
  INSERT INTO CLIENTS (ID, NAME, EMAIL, PHONE) VALUES (3, 'Client 3', 'client3@example.com', '+375297654321');
  INSERT INTO CLIENTS (ID, NAME, EMAIL, PHONE) VALUES (4, 'Client 4', 'client4@example.com', '+375299876543');
  INSERT INTO CLIENTS (ID, NAME, EMAIL, PHONE) VALUES (5, 'Client 5', 'client5@example.com', '+375293210987');
  INSERT INTO CLIENTS (ID, NAME, EMAIL, PHONE) VALUES (6, 'Client 6', 'client6@example.com', '+375294567890');
  INSERT INTO CLIENTS (ID, NAME, EMAIL, PHONE) VALUES (7, 'Client 7', 'client7@example.com', '+375298765432');
  INSERT INTO CLIENTS (ID, NAME, EMAIL, PHONE) VALUES (8, 'Client 8', 'client8@example.com', '+375290123456');
  INSERT INTO CLIENTS (ID, NAME, EMAIL, PHONE) VALUES (9, 'Client 9', 'client9@example.com', '+375295678901');
  INSERT INTO CLIENTS (ID, NAME, EMAIL, PHONE) VALUES (10, 'Client 10', 'client10@example.com', '+375297890123');
  INSERT INTO CLIENTS (ID, NAME, EMAIL, PHONE) VALUES (11, 'Client 11', 'client11@example.com', '+375298901234');
  INSERT INTO CLIENTS (ID, NAME, EMAIL, PHONE) VALUES (12, 'Client 12', 'client12@example.com', '+375296543210');
  INSERT INTO CLIENTS (ID, NAME, EMAIL, PHONE) VALUES (13, 'Client 13', 'client13@example.com', '+375299012345');
  INSERT INTO CLIENTS (ID, NAME, EMAIL, PHONE) VALUES (14, 'Client 14', 'client14@example.com', '+375294321098');
  INSERT INTO CLIENTS (ID, NAME, EMAIL, PHONE) VALUES (15, 'Client 15', 'client15@example.com', '+375290987654');
  COMMIT;
END;

CREATE OR REPLACE PROCEDURE FILL_DIRECTORS IS
BEGIN
  INSERT INTO DIRECTORS (NAME, BIRTH_DATE) VALUES ('Christopher Nolan', TO_DATE('1970-07-30', 'YYYY-MM-DD'));
  INSERT INTO DIRECTORS (NAME, BIRTH_DATE) VALUES ('Quentin Tarantino', TO_DATE('1963-03-27', 'YYYY-MM-DD'));
  INSERT INTO DIRECTORS (NAME, BIRTH_DATE) VALUES ('Martin Scorsese', TO_DATE('1942-11-17', 'YYYY-MM-DD'));
  INSERT INTO DIRECTORS (NAME, BIRTH_DATE) VALUES ('Steven Spielberg', TO_DATE('1946-12-18', 'YYYY-MM-DD'));
  INSERT INTO DIRECTORS (NAME, BIRTH_DATE) VALUES ('Stanley Kubrick', TO_DATE('1928-07-26', 'YYYY-MM-DD'));
  INSERT INTO DIRECTORS (NAME, BIRTH_DATE) VALUES ('Alfred Hitchcock', TO_DATE('1899-08-13', 'YYYY-MM-DD'));
  INSERT INTO DIRECTORS (NAME, BIRTH_DATE) VALUES ('David Fincher', TO_DATE('1962-08-28', 'YYYY-MM-DD'));
  INSERT INTO DIRECTORS (NAME, BIRTH_DATE) VALUES ('Francis Ford Coppola', TO_DATE('1939-04-07', 'YYYY-MM-DD'));
  INSERT INTO DIRECTORS (NAME, BIRTH_DATE) VALUES ('Woody Allen', TO_DATE('1935-12-01', 'YYYY-MM-DD'));
  INSERT INTO DIRECTORS (NAME, BIRTH_DATE) VALUES ('Tim Burton', TO_DATE('1958-08-25', 'YYYY-MM-DD'));
  INSERT INTO DIRECTORS (NAME, BIRTH_DATE) VALUES ('Ang Lee', TO_DATE('1954-10-23', 'YYYY-MM-DD'));
  INSERT INTO DIRECTORS (NAME, BIRTH_DATE) VALUES ('Peter Jackson', TO_DATE('1961-10-31', 'YYYY-MM-DD'));
  INSERT INTO DIRECTORS (NAME, BIRTH_DATE) VALUES ('Ridley Scott', TO_DATE('1937-11-30', 'YYYY-MM-DD'));
  INSERT INTO DIRECTORS (NAME, BIRTH_DATE) VALUES ('Guillermo del Toro', TO_DATE('1964-10-09', 'YYYY-MM-DD'));
  INSERT INTO DIRECTORS (NAME, BIRTH_DATE) VALUES ('James Cameron', TO_DATE('1954-08-16', 'YYYY-MM-DD'));
  COMMIT;
END;

CREATE OR REPLACE PROCEDURE FILL_TICKETS IS
BEGIN
  INSERT INTO TICKETS (ID, FILM_NAME, HALL_ID, CLIENT_ID, PRICE, START_TIME)
  VALUES (1, 'The Matrix', 1, 1, 10.5, TO_TIMESTAMP('2023-05-18 19:30:00', 'YYYY-MM-DD HH24:MI:SS'));
  INSERT INTO TICKETS (ID, FILM_NAME, HALL_ID, CLIENT_ID, PRICE, START_TIME)
  VALUES (2, 'Jurassic Park', 2, 2, 12.75, TO_TIMESTAMP('2023-05-18 20:00:00', 'YYYY-MM-DD HH24:MI:SS'));
  INSERT INTO TICKETS (ID, FILM_NAME, HALL_ID, CLIENT_ID, PRICE, START_TIME)
  VALUES (3, 'The Godfather', 3, 3, 11.0, TO_TIMESTAMP('2023-05-19 17:45:00', 'YYYY-MM-DD HH24:MI:SS'));
  INSERT INTO TICKETS (ID, FILM_NAME, HALL_ID, CLIENT_ID, PRICE, START_TIME)
  VALUES (4, 'The Shawshank Redemption', 4, 4, 9.5, TO_TIMESTAMP('2023-05-19 18:15:00', 'YYYY-MM-DD HH24:MI:SS'));
  INSERT INTO TICKETS (ID, FILM_NAME, HALL_ID, CLIENT_ID, PRICE, START_TIME)
  VALUES (5, 'Forrest Gump', 5, 5, 8.0, TO_TIMESTAMP('2023-05-20 19:00:00', 'YYYY-MM-DD HH24:MI:SS'));
  INSERT INTO TICKETS (ID, FILM_NAME, HALL_ID, CLIENT_ID, PRICE, START_TIME)
  VALUES (6, 'Pulp Fiction', 6, 6, 10.25, TO_TIMESTAMP('2023-05-20 20:30:00', 'YYYY-MM-DD HH24:MI:SS'));
  INSERT INTO TICKETS (ID, FILM_NAME, HALL_ID, CLIENT_ID, PRICE, START_TIME)
  VALUES (7, 'The Silence of the Lambs', 7, 7, 11.5, TO_TIMESTAMP('2023-05-21 14:15:00', 'YYYY-MM-DD HH24:MI:SS'));
  INSERT INTO TICKETS (ID, FILM_NAME, HALL_ID, CLIENT_ID, PRICE, START_TIME)
  VALUES (8, 'The Lord of the Rings: The Fellowship of the Ring', 8, 8, 13.0, TO_TIMESTAMP('2023-05-21 15:00:00', 'YYYY-MM-DD HH24:MI:SS'));
  INSERT INTO TICKETS (ID, FILM_NAME, HALL_ID, CLIENT_ID, PRICE, START_TIME)
  VALUES (9, 'Fight Club', 9, 9, 10.5, TO_TIMESTAMP('2023-05-22 18:45:00', 'YYYY-MM-DD HH24:MI:SS'));
  INSERT INTO TICKETS (ID, FILM_NAME, HALL_ID, CLIENT_ID, PRICE, START_TIME)
  VALUES (10, 'Inception', 10, 10, 12.75, TO_TIMESTAMP('2023-05-22 20:15:00', 'YYYY-MM-DD HH24:MI:SS'));
  INSERT INTO TICKETS (ID, FILM_NAME, HALL_ID, CLIENT_ID, PRICE, START_TIME)
  VALUES (11, 'Interstellar', 1, 11, 11.0, TO_TIMESTAMP('2023-05-23 17:30:00', 'YYYY-MM-DD HH24:MI:SS'));
  INSERT INTO TICKETS (ID, FILM_NAME, HALL_ID, CLIENT_ID, PRICE, START_TIME)
  VALUES (12, 'The Dark Knight', 2, 12, 9.5, TO_TIMESTAMP('2023-05-23 18:45:00', 'YYYY-MM-DD HH24:MI:SS'));
  INSERT INTO TICKETS (ID, FILM_NAME, HALL_ID, CLIENT_ID, PRICE, START_TIME)
  VALUES (13, 'The Green Mile', 3, 13, 8.0, TO_TIMESTAMP('2023-05-24 20:00:00', 'YYYY-MM-DD HH24:MI:SS'));
  INSERT INTO TICKETS (ID, FILM_NAME, HALL_ID, CLIENT_ID, PRICE, START_TIME)
  VALUES (14, 'The Prestige', 4, 14, 10.25, TO_TIMESTAMP('2023-05-25 19:15:00', 'YYYY-MM-DD HH24:MI:SS'));
  INSERT INTO TICKETS (ID, FILM_NAME, HALL_ID, CLIENT_ID, PRICE, START_TIME)
  VALUES (15, 'The Departed', 5, 15, 11.5, TO_TIMESTAMP('2023-05-25 20:30:00', 'YYYY-MM-DD HH24:MI:SS'));
  COMMIT;
END;

CREATE OR REPLACE PROCEDURE FILL_REVIEWS IS
BEGIN
  INSERT INTO REVIEWS (FILM_NAME, CLIENT_ID, RATING, REVIEW_TEXT)
  VALUES ('The Matrix', 1, 8, 'Review for film The Matrix');
  INSERT INTO REVIEWS (FILM_NAME, CLIENT_ID, RATING, REVIEW_TEXT)
  VALUES ('Jurassic Park', 2, 9, 'Review for film Jurassic Park');
  INSERT INTO REVIEWS (FILM_NAME, CLIENT_ID, RATING, REVIEW_TEXT)
  VALUES ('The Godfather', 3, 10, 'Review for film The Godfather');
  INSERT INTO REVIEWS (FILM_NAME, CLIENT_ID, RATING, REVIEW_TEXT)
  VALUES ('The Shawshank Redemption', 4, 9, 'Review for film The Shawshank Redemption');
  INSERT INTO REVIEWS (FILM_NAME, CLIENT_ID, RATING, REVIEW_TEXT)
  VALUES ('Forrest Gump', 5, 8, 'Review for film Forrest Gump');
  INSERT INTO REVIEWS (FILM_NAME, CLIENT_ID, RATING, REVIEW_TEXT)
  VALUES ('Pulp Fiction', 6, 9, 'Review for film Pulp Fiction');
  INSERT INTO REVIEWS (FILM_NAME, CLIENT_ID, RATING, REVIEW_TEXT)
  VALUES ('The Silence of the Lambs', 7, 7, 'Review for film The Silence of the Lambs');
  INSERT INTO REVIEWS (FILM_NAME, CLIENT_ID, RATING, REVIEW_TEXT)
  VALUES ('The Lord of the Rings: The Fellowship of the Ring', 8, 10, 'Review for film The Lord of the Rings: The Fellowship of the Ring');
  INSERT INTO REVIEWS (FILM_NAME, CLIENT_ID, RATING, REVIEW_TEXT)
  VALUES ('Fight Club', 9, 8, 'Review for film Fight Club');
  INSERT INTO REVIEWS (FILM_NAME, CLIENT_ID, RATING, REVIEW_TEXT)
  VALUES ('Inception', 10, 9, 'Review for film Inception');
  INSERT INTO REVIEWS (FILM_NAME, CLIENT_ID, RATING, REVIEW_TEXT)
  VALUES ('Interstellar', 11, 10, 'Review for film Interstellar');
  INSERT INTO REVIEWS (FILM_NAME, CLIENT_ID, RATING, REVIEW_TEXT)
  VALUES ('The Dark Knight', 12, 9, 'Review for film The Dark Knight');
  INSERT INTO REVIEWS (FILM_NAME, CLIENT_ID, RATING, REVIEW_TEXT)
  VALUES ('The Green Mile', 13, 8, 'Review for film The Green Mile');
  INSERT INTO REVIEWS (FILM_NAME, CLIENT_ID, RATING, REVIEW_TEXT)
  VALUES ('The Prestige', 14, 9, 'Review for film The Prestige');
  INSERT INTO REVIEWS (FILM_NAME, CLIENT_ID, RATING, REVIEW_TEXT)
  VALUES ('The Departed', 15, 7, 'Review for film The Departed');
  COMMIT;
END;

CREATE OR REPLACE PROCEDURE FILL_FILMS IS
BEGIN
INSERT INTO FILMS (TITLE, DESCRIPTION, RELEASE_DATE, DURATION, AGE_RESTRICTION, FILM_ACTOR_1, FILM_ACTOR_2, FILM_ACTOR_3, FILM_DIRECTORS, FILM_REVIEW, GENRE, POSTER)
VALUES ('The Matrix', 'Description for The Matrix', TO_DATE('1999-03-31', 'YYYY-MM-DD'), 136, '+18', 'John Doe', 'Jane Smith', 'Michael Johnson', 'Christopher Nolan', 'Review for film The Matrix', 'Science Fiction', BFILENAME('D:\Photos','The_Matrix.jpg'));

INSERT INTO FILMS (TITLE, DESCRIPTION, RELEASE_DATE, DURATION, AGE_RESTRICTION, FILM_ACTOR_1, FILM_ACTOR_2, FILM_ACTOR_3, FILM_DIRECTORS, FILM_REVIEW, GENRE, POSTER)
VALUES ('Jurassic Park', 'Description for Jurassic Park', TO_DATE('1993-06-11', 'YYYY-MM-DD'), 127, '+13', 'Emily Davis', 'David Wilson', 'Sarah Thompson', 'Steven Spielberg', 'Review for film Jurassic Park', 'Adventure', BFILENAME('D:\Photos','Jurassic_Park.jpg'));

INSERT INTO FILMS (TITLE, DESCRIPTION, RELEASE_DATE, DURATION, AGE_RESTRICTION, FILM_ACTOR_1, FILM_ACTOR_2, FILM_ACTOR_3, FILM_DIRECTORS, FILM_REVIEW, GENRE, POSTER)
VALUES ('The Godfather', 'Description for The Godfather', TO_DATE('1972-03-24', 'YYYY-MM-DD'), 175, '+18', 'Robert Lee', 'Jennifer Brown', 'Daniel Miller', 'Francis Ford Coppola', 'Review for film The Godfather', 'Crime', BFILENAME('D:\Photos','The_Godfather.jpg'));

INSERT INTO FILMS (TITLE, DESCRIPTION, RELEASE_DATE, DURATION, AGE_RESTRICTION, FILM_ACTOR_1, FILM_ACTOR_2, FILM_ACTOR_3, FILM_DIRECTORS, FILM_REVIEW, GENRE, POSTER)
VALUES ('The Shawshank Redemption', 'Description for The Shawshank Redemption', TO_DATE('1994-09-23', 'YYYY-MM-DD'), 142, '+16', 'John Doe', 'Jane Smith', 'Michael Johnson', 'Tim Burton', 'Review for film The Shawshank Redemption', 'Drama', BFILENAME('D:\Photos','The_Shawshank_Redemption.jpg'));

INSERT INTO FILMS (TITLE, DESCRIPTION, RELEASE_DATE, DURATION, AGE_RESTRICTION, FILM_ACTOR_1, FILM_ACTOR_2, FILM_ACTOR_3, FILM_DIRECTORS, FILM_REVIEW, GENRE, POSTER)
VALUES ('Forrest Gump', 'Description for Forrest Gump', TO_DATE('1994-07-06', 'YYYY-MM-DD'), 142, '+13', 'Emily Davis', 'David Wilson', 'Sarah Thompson', 'Ang Lee', 'Review for film Forrest Gump', 'Drama', BFILENAME('D:\Photos','Forrest_Gump.jpg'));

INSERT INTO FILMS (TITLE, DESCRIPTION, RELEASE_DATE, DURATION, AGE_RESTRICTION, FILM_ACTOR_1, FILM_ACTOR_2, FILM_ACTOR_3, FILM_DIRECTORS, FILM_REVIEW, GENRE, POSTER)
VALUES ('Pulp Fiction', 'Description for Pulp Fiction', TO_DATE('1994-10-14', 'YYYY-MM-DD'), 154, '+18', 'John Doe', 'Jane Smith', 'Michael Johnson', 'Quentin Tarantino', 'Review for film Pulp Fiction', 'Crime', BFILENAME('D:\Photos','Pulp_Fiction.jpg'));

INSERT INTO FILMS (TITLE, DESCRIPTION, RELEASE_DATE, DURATION, AGE_RESTRICTION, FILM_ACTOR_1, FILM_ACTOR_2, FILM_ACTOR_3, FILM_DIRECTORS, FILM_REVIEW, GENRE, POSTER)
VALUES ('The Silence of the Lambs', 'Description for TSOL', TO_DATE('1991-02-14', 'YYYY-MM-DD'), 118, '+18', 'Robert Lee', 'Jennifer Brown', 'Daniel Miller', 'Ang Lee', 'Review for film The Silence of the Lambs', 'Thriller', BFILENAME('D:\Photos','The_Silence_of_the_Lambs.jpg'));

INSERT INTO FILMS (TITLE, DESCRIPTION, RELEASE_DATE, DURATION, AGE_RESTRICTION, FILM_ACTOR_1, FILM_ACTOR_2, FILM_ACTOR_3, FILM_DIRECTORS, FILM_REVIEW, GENRE, POSTER)
VALUES ('The Lord of the Rings: The Fellowship of the Ring', 'Description for TLOFRTFOTR', TO_DATE('2001-12-19', 'YYYY-MM-DD'), 178, '+13', 'Olivia Wilson', 'Matthew Taylor', 'Emma Martinez', 'Peter Jackson', 'Review for film The Lord of the Rings: The Fellowship of the Ring', 'Fantasy', BFILENAME('D:\Photos','The_Lord_of_the_Rings_The_Fellowship_of_the_Ring.jpg'));

INSERT INTO FILMS (TITLE, DESCRIPTION, RELEASE_DATE, DURATION, AGE_RESTRICTION, FILM_ACTOR_1, FILM_ACTOR_2, FILM_ACTOR_3, FILM_DIRECTORS, FILM_REVIEW, GENRE, POSTER)
VALUES ('Fight Club', 'Description for Fight Club', TO_DATE('1999-10-15', 'YYYY-MM-DD'), 139, '+18', 'John Doe', 'Jane Smith', 'Michael Johnson', 'David Fincher', 'Review for film Fight Club', 'Drama', BFILENAME('D:\Photos','Fight_Club.jpg'));

INSERT INTO FILMS (TITLE, DESCRIPTION, RELEASE_DATE, DURATION, AGE_RESTRICTION, FILM_ACTOR_1, FILM_ACTOR_2, FILM_ACTOR_3, FILM_DIRECTORS, FILM_REVIEW, GENRE, POSTER)
VALUES ('Inception', 'Description for Inception', TO_DATE('2010-07-16', 'YYYY-MM-DD'), 148, '+13', 'Emily Davis', 'David Wilson', 'Sarah Thompson', 'Christopher Nolan', 'Review for film Inception', 'Science Fiction', BFILENAME('D:\Photos','Inception.jpg'));

INSERT INTO FILMS (TITLE, DESCRIPTION, RELEASE_DATE, DURATION, AGE_RESTRICTION, FILM_ACTOR_1, FILM_ACTOR_2, FILM_ACTOR_3, FILM_DIRECTORS, FILM_REVIEW, GENRE, POSTER)
VALUES ('Interstellar', 'Description for Interstellar', TO_DATE('2014-11-07', 'YYYY-MM-DD'), 169, '+13', 'Robert Lee', 'Jennifer Brown', 'Daniel Miller', 'Christopher Nolan', 'Review for film Interstellar', 'Science Fiction', BFILENAME('D:\Photos','Interstellar.jpg'));

INSERT INTO FILMS (TITLE, DESCRIPTION, RELEASE_DATE, DURATION, AGE_RESTRICTION, FILM_ACTOR_1, FILM_ACTOR_2, FILM_ACTOR_3, FILM_DIRECTORS, FILM_REVIEW, GENRE, POSTER)
VALUES ('The Dark Knight', 'Description for The Dark Knight', TO_DATE('2008-07-18', 'YYYY-MM-DD'), 152, '+13', 'John Doe', 'Jane Smith', 'Michael Johnson', 'Christopher Nolan', 'Review for film The Dark Knight', 'Action', BFILENAME('D:\Photos','The_Dark_Knight.jpg'));

INSERT INTO FILMS (TITLE, DESCRIPTION, RELEASE_DATE, DURATION, AGE_RESTRICTION, FILM_ACTOR_1, FILM_ACTOR_2, FILM_ACTOR_3, FILM_DIRECTORS, FILM_REVIEW, GENRE, POSTER)
VALUES ('The Green Mile', 'Description for The Green Mile', TO_DATE('1999-12-10', 'YYYY-MM-DD'), 189, '+18', 'Emily Davis', 'David Wilson', 'Sarah Thompson', 'Tim Burton', 'Review for film The Green Mile', 'Drama', BFILENAME('D:\Photos','The_Green_Mile.jpg'));

INSERT INTO FILMS (TITLE, DESCRIPTION, RELEASE_DATE, DURATION, AGE_RESTRICTION, FILM_ACTOR_1, FILM_ACTOR_2, FILM_ACTOR_3, FILM_DIRECTORS, FILM_REVIEW, GENRE, POSTER)
VALUES ('The Prestige', 'Description for The Prestige', TO_DATE('2006-10-20', 'YYYY-MM-DD'), 130, '+16', 'Robert Lee', 'Jennifer Brown', 'Daniel Miller', 'Christopher Nolan', 'Review for film The Prestige', 'Mystery', BFILENAME('D:\Photos','The_Prestige.jpg'));

INSERT INTO FILMS (TITLE, DESCRIPTION, RELEASE_DATE, DURATION, AGE_RESTRICTION, FILM_ACTOR_1, FILM_ACTOR_2, FILM_ACTOR_3, FILM_DIRECTORS, FILM_REVIEW, GENRE, POSTER)
VALUES ('The Departed', 'Description for The Departed', TO_DATE('2006-10-06', 'YYYY-MM-DD'), 151, '+18', 'John Doe', 'Jane Smith', 'Michael Johnson', 'Martin Scorsese', 'Review for film The Departed', 'Crime', BFILENAME('D:\Photos','The_Departed.jpg'));
    COMMIT;
END;